"","numDF","denDF","F-value","p-value"
"(Intercept)",1,28852,576.581198647129,0
"rain_avg",1,81,0.649363611772573,0.422699724112108
"moisture",1,28852,12459.1957352265,0
"snow_depth_1hr_avg",1,81,4.46600088597461,0.0376537004660845
"rain_avg:moisture",1,28852,30.8363580758552,2.8319881106853e-08
"rain_avg:snow_depth_1hr_avg",1,81,0.402284199763422,0.527699208490924
"moisture:snow_depth_1hr_avg",1,28852,3.51044643914602,0.0609931206558025
"rain_avg:moisture:snow_depth_1hr_avg",1,28852,15.9444157834763,6.5391412037874e-05
