"","numDF","denDF","F-value","p-value"
"(Intercept)",1,24763,271.054875165292,0
"rain_avg",1,78,0.533176620183518,0.467461843843586
"moisture",1,24763,26069.2567038938,0
"snow_depth_1hr_avg",1,78,0.981445245038961,0.324905589975915
"rain_avg:moisture",1,24763,32.8538133115174,1.00509418565764e-08
"rain_avg:snow_depth_1hr_avg",1,78,1.08867939800777,0.299987063477688
"moisture:snow_depth_1hr_avg",1,24763,254.998751996826,0
"rain_avg:moisture:snow_depth_1hr_avg",1,24763,125.769229884149,0
