"","numDF","denDF","F-value","p-value"
"(Intercept)",1,30217,703.380653772032,0
"rain_avg",1,79,1.1342617074149,0.290112450283478
"moisture",1,30217,9268.57134284044,0
"snow_depth_1hr_avg",1,79,10.109778328588,0.00210705016716117
"rain_avg:moisture",1,30217,32.0126961055388,1.54552315390077e-08
"rain_avg:snow_depth_1hr_avg",1,79,0.261433106307594,0.610563427077664
"moisture:snow_depth_1hr_avg",1,30217,26.0343363431166,3.37427062957474e-07
"rain_avg:moisture:snow_depth_1hr_avg",1,30217,76.6320838687136,0
